﻿<?xml version="1.0" encoding="utf-8"?><meta xmlns:xsi="http://www.w3.org/2001/XMLSchema-instance" xmlns:xsd="http://www.w3.org/2001/XMLSchema"><project id="6ZRHEWE6PoJ" courseid="6dGV4vZL5ya_course_id" thumburl="story_content/thumbnail.jpg" title="Shoaib Sample" datepublished="2020-04-09T18:03:58" version="1.0.0.0" flashdata="story_content/data.swf" html5data="mobile/data.json" mobiledata="mobile/data.gz" enabledownload="false" duration="About 5 minutes" totalaudio="235375" totalvideo="64139"><description>This a e-learning course related to the food borne illness and its causes and also the redemy for it.</description><keywords /><slidemeta moniker="slide" monikerplural="slides" viewslides="23" slidecountdescription="23 slides" /><author name="PLT. OFF." email="" website="" /><application name="Articulate Storyline" version="3.38.21779.0" xmlversion="4.0" /></project></meta>