﻿<?xml version="1.0" encoding="utf-8"?>
<manifest identifier="_6dGV4vZL5ya_course_id" version="1.0" xmlns="http://www.imsproject.org/xsd/imscp_rootv1p1p2" xmlns:adlcp="http://www.adlnet.org/xsd/adlcp_rootv1p2" xmlns:xsi="http://www.w3.org/2001/XMLSchema-instance" xsi:schemaLocation="http://www.imsproject.org/xsd/imscp_rootv1p1p2 imscp_rootv1p1p2.xsd http://www.imsglobal.org/xsd/imsmd_rootv1p2p1 imsmd_rootv1p2p1.xsd http://www.adlnet.org/xsd/adlcp_rootv1p2 adlcp_rootv1p2.xsd">
  <metadata>
    <schema>ADL SCORM</schema>
    <schemaversion>1.2</schemaversion>
    <lom xmlns="http://www.imsglobal.org/xsd/imsmd_rootv1p2p1" xmlns:xsi="http://www.w3.org/2001/XMLSchema-instance" xsi:schemaLocation="http://www.imsglobal.org/xsd/imsmd_rootv1p2p1 imsmd_rootv1p2p1.xsd">
      <general>
        <title>
          <langstring xml:lang="x-none">Sample Work</langstring>
        </title>
        <description>
          <langstring xml:lang="x-none">Course</langstring>
        </description>
      </general>
      <lifecycle>
        <version>
          <langstring xml:lang="x-none">1</langstring>
        </version>
        <status>
          <source>
            <langstring xml:lang="x-none">LOMv1.0</langstring>
          </source>
          <value>
            <langstring xml:lang="x-none">Final</langstring>
          </value>
        </status>
      </lifecycle>
      <metametadata>
        <metadatascheme>ADL SCORM 1.2</metadatascheme>
      </metametadata>
      <educational>
        <typicallearningtime>
          <datetime>PT0H0M0S</datetime>
        </typicallearningtime>
      </educational>
      <rights>
        <cost>
          <source>
            <langstring xml:lang="x-none">LOMv1.0</langstring>
          </source>
          <value>
            <langstring xml:lang="x-none">yes</langstring>
          </value>
        </cost>
        <copyrightandotherrestrictions>
          <source>
            <langstring xml:lang="x-none">LOMv1.0</langstring>
          </source>
          <value>
            <langstring xml:lang="x-none">yes</langstring>
          </value>
        </copyrightandotherrestrictions>
      </rights>
    </lom>
  </metadata>
  <organizations default="Sample_Work_ORG">
    <organization identifier="Sample_Work_ORG">
      <title>Sample Work</title>
      <item identifier="Sample_Work_SCO" isvisible="true" identifierref="__6dGV4vZL5ya_course_id_RES">
        <title>Sample Work</title>
      </item>
    </organization>
  </organizations>
  <resources>
    <resource identifier="__6dGV4vZL5ya_course_id_RES" type="webcontent" href="index_lms.html" adlcp:scormtype="sco">
      <file href="story_content/thumbnail.jpg" />
      <file href="story_content/video_6URxRP4eUMx_22_48_720x540.mp4" />
      <file href="mobile/poster_5WLt1RlldhL_video_6URxRP4eUMx_22_48_720x540.jpg" />
      <file href="story_content/5qopQTklONV_44100_48_0.mp3" />
      <file href="mobile/6L3xAJzK4Np_80_DX986_DY986_CX493_CY335.jpg" />
      <file href="story_content/6ClMYGZBeNh_44100_48_0.mp3" />
      <file href="mobile/6hhRxBMqeww_80_DX780_DY780_CX390_CY280.png" />
      <file href="mobile/6aXOLfdBunb_80_P_0_0_927_1324_DX984_DY984_CX256_CY365.png" />
      <file href="mobile/6TChhoZzd6g_80_DX844_DY844_CX422_CY280.png" />
      <file href="story_content/6FpRvXVsgar_44100_48_0.mp3" />
      <file href="story_content/5dzDXBPxvth_44100_48_0.mp3" />
      <file href="mobile/6ntEhkYjZnU_80_P_0_0_796_1324_DX1068_DY1068_CX238_CY396.png" />
      <file href="mobile/5kT8TOHF8OC_80_P_0_0_877_1211_DX1198_DY1198_CX287_CY396.png" />
      <file href="story_content/video_63E0BjMMzaV_22_48_720x540.mp4" />
      <file href="mobile/poster_5feJacd8kgv_video_63E0BjMMzaV_22_48_720x540.jpg" />
      <file href="mobile/6l7ayLxNjDN_80_DX672_DY672_CX336_CY280.png" />
      <file href="story_content/5jw1dQ5UPRx_44100_48_0.mp3" />
      <file href="mobile/5pXZ43rhM3o_80_P_0_0_1022_1238_DX500_DY500_CX144_CY174.png" />
      <file href="mobile/6U85ecFzqAH_80_P_0_0_750_1197_DX468_DY468_CX99_CY158.png" />
      <file href="mobile/6GMGsiaUogA_80_P_0_0_560_882_DX508_DY508_CX110_CY173.png" />
      <file href="mobile/64CMlcjJVmC_80_P_0_0_621_917_DX416_DY416_CX99_CY146.png" />
      <file href="story_content/6m1Y0OGhwvm_44100_48_0.mp3" />
      <file href="mobile/5VsWcsVEJQ5_80_DX1440_DY1440_CX800_CY475.jpg" />
      <file href="story_content/5muXSqf06ss_44100_48_0.mp3" />
      <file href="story_content/video_5rMpkquOKJw_22_48_720x540.mp4" />
      <file href="mobile/poster_5fNbnrH4oa5_video_5rMpkquOKJw_22_48_720x540.jpg" />
      <file href="story_content/5oPD3cdpOEJ_44100_48_0.mp3" />
      <file href="story_content/6eTji5xCxot_44100_48_0.mp3" />
      <file href="story_content/6LsgpM7GktU_44100_48_0.mp3" />
      <file href="mobile/5v84mCefAg7_80_DX780_DY780_CX390_CY280.png" />
      <file href="story_content/5ajPdS5bBNE_44100_48_0.mp3" />
      <file href="story_content/video_6aY1zti7fL2_22_48_720x540.mp4" />
      <file href="mobile/poster_6VhuOBMatnW_video_6aY1zti7fL2_22_48_720x540.jpg" />
      <file href="mobile/60UZrNiqIyi_80_DX810_DY810_CX280_CY637.png" />
      <file href="mobile/6hLntip2jkb_80_DX378_DY378_CX247_CY204.jpg" />
      <file href="story_content/5j1B2nttGAG_44100_48_0.mp3" />
      <file href="story_content/5ngIZBaAD8B_44100_48_0.mp3" />
      <file href="story_content/69LgJnSgIYG_44100_48_0.mp3" />
      <file href="story_content/6iBDTgDVxXv_44100_48_0.mp3" />
      <file href="mobile/65uBMjYNAIX_80_DX780_DY780_CX390_CY280.png" />
      <file href="story_content/6jcwIhaKfHo_44100_48_0.mp3" />
      <file href="story_content/65FQVdYysI1_44100_48_0.mp3" />
      <file href="story_content/video_5p9A6cdoWM2_22_48_720x540.mp4" />
      <file href="mobile/poster_5YH4eZlDgZS_video_5p9A6cdoWM2_22_48_720x540.jpg" />
      <file href="meta.xml" />
      <file href="story_content/user.js" />
      <file href="mobile/Slide6T9BI2dudc9.jpg" />
      <file href="html5/data/css/output.min.css" />
      <file href="html5/data/js/5egL4oE6SvQ.js" />
      <file href="html5/data/js/5kS1BVGNyB7.js" />
      <file href="html5/data/js/5l3U9X5RJiC.js" />
      <file href="html5/data/js/5n0QJP0RORs.js" />
      <file href="html5/data/js/5uiFEebFixk.js" />
      <file href="html5/data/js/5xUlEZGWsIx.js" />
      <file href="html5/data/js/5ymKJfTmJQe.js" />
      <file href="html5/data/js/645HyYsP1H3.js" />
      <file href="html5/data/js/68jwdHxRHKR.js" />
      <file href="html5/data/js/6BbhDaUom3z.js" />
      <file href="html5/data/js/6CdesD2FS8M.js" />
      <file href="html5/data/js/6CviOQrYPMq.js" />
      <file href="html5/data/js/6DJTgxdAk6M.js" />
      <file href="html5/data/js/6dOuhyOOOkG.js" />
      <file href="html5/data/js/6EoeTzTRlWX.js" />
      <file href="html5/data/js/6EOgHpOleFY.js" />
      <file href="html5/data/js/6jPiGz4gpHs.js" />
      <file href="html5/data/js/6kv7JVirMXG.js" />
      <file href="html5/data/js/6lCdCPR0wWR.js" />
      <file href="html5/data/js/6r0ZLMjfzIB.js" />
      <file href="html5/data/js/6VCjaF2b6U6.js" />
      <file href="html5/data/js/6WqNQiXps1o.js" />
      <file href="html5/data/js/6ZieFSA9sDA.js" />
      <file href="html5/data/js/data.js" />
      <file href="html5/data/js/frame.js" />
      <file href="html5/data/js/paths.js" />
      <file href="html5/lib/scripts/ds-bootstrap.min.js" />
      <file href="html5/lib/scripts/ds-frame.desktop.min.js" />
      <file href="html5/lib/scripts/ds-frame.mobile.min.js" />
      <file href="html5/lib/scripts/ds-slides.min.js" />
      <file href="html5/lib/stylesheets/desktop.min.css" />
      <file href="html5/lib/stylesheets/mobile.min.css" />
      <file href="html5/lib/stylesheets/mobile-fonts/open-sans-bold.woff" />
      <file href="html5/lib/stylesheets/mobile-fonts/open-sans-light.woff" />
      <file href="html5/lib/stylesheets/mobile-fonts/open-sans-regular.woff" />
      <file href="analytics-frame.html" />
      <file href="story.html" />
      <file href="index_lms.html" />
      <file href="lms/AICCComm.html" />
      <file href="lms/AICCFunctions.js" />
      <file href="lms/API.js" />
      <file href="lms/APIConstants.js" />
      <file href="lms/blank.html" />
      <file href="lms/browsersniff.js" />
      <file href="lms/Configuration.js" />
      <file href="lms/goodbye.html" />
      <file href="lms/lms.js" />
      <file href="lms/LMSAPI.js" />
      <file href="lms/NONEFunctions.js" />
      <file href="lms/SCORM2004Functions.js" />
      <file href="lms/SCORMFunctions.js" />
      <file href="lms/UtilityFunctions.js" />
    </resource>
  </resources>
</manifest>