﻿<?xml version="1.0" encoding="utf-8"?><meta xmlns:xsi="http://www.w3.org/2001/XMLSchema-instance" xmlns:xsd="http://www.w3.org/2001/XMLSchema"><project id="67HEqfKi5dK" courseid="6dGV4vZL5ya_course_id" thumburl="story_content/thumbnail.jpg" title="Sample Work" datepublished="2020-04-10T11:44:48" version="1.0.0.0" flashdata="story_content/data.swf" html5data="mobile/data.json" mobiledata="mobile/data.gz" enabledownload="false" duration="About 5 minutes" totalaudio="235375" totalvideo="64139"><description>Course</description><keywords /><slidemeta moniker="slide" monikerplural="slides" viewslides="23" slidecountdescription="23 slides" /><author name="PLT. OFF." email="" website="" /><application name="Articulate Storyline" version="3.38.21779.0" xmlversion="4.0" /></project></meta>